{
    "prepare_queue": {
        "installed": [],
        "uninstalled": []
    },
    "config_munge": {
        "files": {
            "res/xml/config.xml": {
                "parents": {
                    "/*": [
                        {
                            "xml": "<feature name=\"Whitelist\"><param name=\"android-package\" value=\"org.apache.cordova.whitelist.WhitelistPlugin\" /><param name=\"onload\" value=\"true\" /></feature>",
                            "count": 1
                        },
                        {
                            "xml": "<feature name=\"StatusBar\"><param name=\"android-package\" value=\"org.apache.cordova.statusbar.StatusBar\" /><param name=\"onload\" value=\"true\" /></feature>",
                            "count": 1
                        },
                        {
                            "xml": "<feature name=\"File\"><param name=\"android-package\" value=\"org.apache.cordova.file.FileUtils\" /><param name=\"onload\" value=\"true\" /></feature>",
                            "count": 1
                        },
                        {
                            "xml": "<allow-navigation href=\"cdvfile:*\" />",
                            "count": 1
                        },
                        {
                            "xml": "<feature name=\"Media\"><param name=\"android-package\" value=\"org.apache.cordova.media.AudioHandler\" /></feature>",
                            "count": 1
                        },
                        {
                            "xml": "<feature name=\"SplashScreen\"><param name=\"android-package\" value=\"org.apache.cordova.splashscreen.SplashScreen\" /><param name=\"onload\" value=\"true\" /></feature>",
                            "count": 1
                        }
                    ]
                }
            },
            "AndroidManifest.xml": {
                "parents": {
                    "/*": [
                        {
                            "xml": "<uses-permission android:name=\"android.permission.WRITE_EXTERNAL_STORAGE\" />",
                            "count": 2
                        },
                        {
                            "xml": "<uses-permission android:name=\"android.permission.RECORD_AUDIO\" />",
                            "count": 1
                        },
                        {
                            "xml": "<uses-permission android:name=\"android.permission.MODIFY_AUDIO_SETTINGS\" />",
                            "count": 1
                        },
                        {
                            "xml": "<uses-permission android:name=\"android.permission.READ_PHONE_STATE\" />",
                            "count": 1
                        }
                    ]
                }
            }
        }
    },
    "installed_plugins": {
        "cordova-plugin-whitelist": {
            "PACKAGE_NAME": "com.phonegap.helloworld"
        },
        "cordova-plugin-console": {
            "PACKAGE_NAME": "com.phonegap.helloworld"
        },
        "cordova-plugin-statusbar": {
            "PACKAGE_NAME": "com.phonegap.helloworld"
        },
        "cordova-plugin-compat": {
            "PACKAGE_NAME": "com.phonegap.helloworld"
        },
        "cordova-plugin-file": {
            "PACKAGE_NAME": "com.phonegap.helloworld"
        },
        "cordova-plugin-media": {
            "PACKAGE_NAME": "com.phonegap.helloworld"
        },
        "cordova-plugin-splashscreen": {
            "PACKAGE_NAME": "com.phonegap.helloworld"
        }
    },
    "dependent_plugins": {},
    "modules": [
        {
            "file": "plugins/cordova-plugin-statusbar/www/statusbar.js",
            "id": "cordova-plugin-statusbar.statusbar",
            "clobbers": [
                "window.StatusBar"
            ]
        },
        {
            "file": "plugins/cordova-plugin-file/www/DirectoryEntry.js",
            "id": "cordova-plugin-file.DirectoryEntry",
            "clobbers": [
                "window.DirectoryEntry"
            ]
        },
        {
            "file": "plugins/cordova-plugin-file/www/DirectoryReader.js",
            "id": "cordova-plugin-file.DirectoryReader",
            "clobbers": [
                "window.DirectoryReader"
            ]
        },
        {
            "file": "plugins/cordova-plugin-file/www/Entry.js",
            "id": "cordova-plugin-file.Entry",
            "clobbers": [
                "window.Entry"
            ]
        },
        {
            "file": "plugins/cordova-plugin-file/www/File.js",
            "id": "cordova-plugin-file.File",
            "clobbers": [
                "window.File"
            ]
        },
        {
            "file": "plugins/cordova-plugin-file/www/FileEntry.js",
            "id": "cordova-plugin-file.FileEntry",
            "clobbers": [
                "window.FileEntry"
            ]
        },
        {
            "file": "plugins/cordova-plugin-file/www/FileError.js",
            "id": "cordova-plugin-file.FileError",
            "clobbers": [
                "window.FileError"
            ]
        },
        {
            "file": "plugins/cordova-plugin-file/www/FileReader.js",
            "id": "cordova-plugin-file.FileReader",
            "clobbers": [
                "window.FileReader"
            ]
        },
        {
            "file": "plugins/cordova-plugin-file/www/FileSystem.js",
            "id": "cordova-plugin-file.FileSystem",
            "clobbers": [
                "window.FileSystem"
            ]
        },
        {
            "file": "plugins/cordova-plugin-file/www/FileUploadOptions.js",
            "id": "cordova-plugin-file.FileUploadOptions",
            "clobbers": [
                "window.FileUploadOptions"
            ]
        },
        {
            "file": "plugins/cordova-plugin-file/www/FileUploadResult.js",
            "id": "cordova-plugin-file.FileUploadResult",
            "clobbers": [
                "window.FileUploadResult"
            ]
        },
        {
            "file": "plugins/cordova-plugin-file/www/FileWriter.js",
            "id": "cordova-plugin-file.FileWriter",
            "clobbers": [
                "window.FileWriter"
            ]
        },
        {
            "file": "plugins/cordova-plugin-file/www/Flags.js",
            "id": "cordova-plugin-file.Flags",
            "clobbers": [
                "window.Flags"
            ]
        },
        {
            "file": "plugins/cordova-plugin-file/www/LocalFileSystem.js",
            "id": "cordova-plugin-file.LocalFileSystem",
            "clobbers": [
                "window.LocalFileSystem"
            ],
            "merges": [
                "window"
            ]
        },
        {
            "file": "plugins/cordova-plugin-file/www/Metadata.js",
            "id": "cordova-plugin-file.Metadata",
            "clobbers": [
                "window.Metadata"
            ]
        },
        {
            "file": "plugins/cordova-plugin-file/www/ProgressEvent.js",
            "id": "cordova-plugin-file.ProgressEvent",
            "clobbers": [
                "window.ProgressEvent"
            ]
        },
        {
            "file": "plugins/cordova-plugin-file/www/fileSystems.js",
            "id": "cordova-plugin-file.fileSystems"
        },
        {
            "file": "plugins/cordova-plugin-file/www/requestFileSystem.js",
            "id": "cordova-plugin-file.requestFileSystem",
            "clobbers": [
                "window.requestFileSystem"
            ]
        },
        {
            "file": "plugins/cordova-plugin-file/www/resolveLocalFileSystemURI.js",
            "id": "cordova-plugin-file.resolveLocalFileSystemURI",
            "merges": [
                "window"
            ]
        },
        {
            "file": "plugins/cordova-plugin-file/www/browser/isChrome.js",
            "id": "cordova-plugin-file.isChrome",
            "runs": true
        },
        {
            "file": "plugins/cordova-plugin-file/www/android/FileSystem.js",
            "id": "cordova-plugin-file.androidFileSystem",
            "merges": [
                "FileSystem"
            ]
        },
        {
            "file": "plugins/cordova-plugin-file/www/fileSystems-roots.js",
            "id": "cordova-plugin-file.fileSystems-roots",
            "runs": true
        },
        {
            "file": "plugins/cordova-plugin-file/www/fileSystemPaths.js",
            "id": "cordova-plugin-file.fileSystemPaths",
            "merges": [
                "cordova"
            ],
            "runs": true
        },
        {
            "file": "plugins/cordova-plugin-media/www/MediaError.js",
            "id": "cordova-plugin-media.MediaError",
            "clobbers": [
                "window.MediaError"
            ]
        },
        {
            "file": "plugins/cordova-plugin-media/www/Media.js",
            "id": "cordova-plugin-media.Media",
            "clobbers": [
                "window.Media"
            ]
        },
        {
            "file": "plugins/cordova-plugin-splashscreen/www/splashscreen.js",
            "id": "cordova-plugin-splashscreen.SplashScreen",
            "clobbers": [
                "navigator.splashscreen"
            ]
        }
    ],
    "plugin_metadata": {
        "cordova-plugin-whitelist": "1.2.2",
        "cordova-plugin-console": "1.0.5",
        "cordova-plugin-statusbar": "1.0.1",
        "cordova-plugin-compat": "1.1.0",
        "cordova-plugin-file": "4.3.1",
        "cordova-plugin-media": "2.3.0",
        "cordova-plugin-splashscreen": "3.1.0"
    }
}